{"cameraMode":{"drawMode":0,"name":"Shaded","section":"Shading Mode"},"sceneLighting":false,"audioPlay":false,"sceneViewState":{"m_AlwaysRefresh":false,"showFog":false,"showSkybox":false,"showFlares":false,"showImageEffects":false,"showParticleSystems":false,"showVisualEffectGraphs":true,"m_FxEnabled":true},"in2DMode":false,"pivot":{"x":-0.08327102661132813,"y":45.75621795654297,"z":-6.239078521728516},"rotation":{"x":0.002865179907530546,"y":0.9971373081207275,"z":-0.05420713499188423,"w":0.052697550505399707},"size":82.90959167480469,"orthographic":false}